1,100.0,10.9,2.8,29.4,47.5,100.0,74.0,-35.8,312.4,36.7,-124.9,-39.9,1.0,-128.0,25.8,1.0,80.0,100.0,0.8,0.0,0.0,0.0,0.0,3.677,0,0.0,0.0,0.0,0.0,0.0,0.0
2,100.0,94.5,18.8,49.8,99.7,100.0,20.4,25.3,213.6,62.1,-36.4,2.6,1.0,28.9,-53.8,1.0,80.0,100.0,0.8,0.0,0.0,0.0,0.0,3.199,0,0.0,0.0,0.0,0.0,0.0,0.0
3,100.0,26.5,23.3,11.0,34.4,100.0,88.5,56.6,277.8,55.4,30.6,-118.0,1.0,-115.0,-135.2,1.1,57.088,71.36,0.8,0.0,0.0,0.0,0.0,4.271,0,4.271,0.0,0.0,0.0,0.0,0.0
4,100.0,73.4,11.3,88.4,9.7,100.0,43.0,41.1,284.7,5.6,35.5,182.4,1.0,-128.1,12.6,1.0,100.0,100.0,1.0,0.0,0.0,0.0,0.0,0.0,0,0.0,0.0,0.0,0.0,0.0,0.0
5,100.0,73.2,12.7,97.2,65.9,100.0,43.5,31.4,219.7,20.7,-96.8,-91.5,1.0,-216.4,-0.4,1.0,59.09,59.09,1.0,0.0,0.0,0.0,0.0,0.0,0,8.708,0.0,0.0,0.0,0.0,0.0
6,100.0,100.0,27.0,27.9,55.3,100.0,98.8,84.6,101.6,43.3,-121.0,-104.4,1.0,-117.0,-138.7,1.1,78.902481,100.0,0.789025,0.0,0.0,0.0,0.0,2.905,0.005,0.0,0.0,0.0,0.0,0.0,0.0
7,100.0,11.0,82.4,83.2,13.0,100.0,37.9,-83.7,112.6,85.3,211.0,13.9,1.0,24.6,121.8,1.0,1.1245,1.73,0.65,0.0,0.0,87.013,0.0,0.0,0,0.0,0.0,87.013,0.0,0.0,0.0
8,100.0,11.2,58.8,35.5,25.8,100.0,87.9,-79.5,183.5,81.7,26.0,-75.9,1.0,-93.8,-95.0,1.0,98.82157,100.0,0.988216,0.0,0.0,0.0,0.0,0.0,0.003,0.0,0.0,0.0,0.0,0.0,0.0
9,100.0,15.3,13.6,90.0,85.1,100.0,7.7,-39.5,207.0,4.9,-19.1,-0.9,1.0,26.0,-76.9,1.0,99.551977,100.0,0.99552,0.0,0.0,0.0,0.0,0.0,0.001,0.0,0.0,0.0,0.0,0.0,0.0
10,100.0,34.2,54.5,56.6,8.8,100.0,0.4,84.1,168.1,87.1,24.5,161.9,1.0,-191.6,14.3,1.1,79.144,98.93,0.8,0.0,0.0,0.0,0.0,0.912,0,0.912,0.0,0.0,0.0,0.0,0.0
11,100.0,0.7,35.1,64.0,2.0,100.0,84.5,-1.4,162.1,49.0,58.3,194.9,1.0,-139.7,87.9,1.0,100.0,100.0,1.0,0.0,0.0,0.0,0.0,0.0,0,0.0,0.0,0.0,0.0,0.0,0.0
12,100.0,89.5,68.9,92.6,21.3,100.0,77.3,1.4,249.2,60.3,-54.6,-22.8,1.1,-50.5,31.6,1.1,98.16,98.16,1.0,0.0,0.0,0.0,0.0,0.0,0,0.0,0.0,18.726,0.0,0.0,0.0
13,100.0,0.5,73.4,6.0,60.6,100.0,53.2,60.0,137.6,80.3,-114.0,-135.2,1.1,31.5,179.5,1.0,100.0,100.0,1.0,0.0,0.0,0.0,0.0,0.0,0,0.0,0.0,0.0,0.0,0.0,0.0
14,100.0,97.8,57.9,63.8,98.9,100.0,2.4,33.0,200.1,14.1,0.6,-4.5,1.0,-36.3,91.5,1.0,100.0,100.0,1.0,0.0,0.0,0.0,0.0,0.0,0,0.0,0.0,0.0,0.0,0.0,0.0
15,100.0,39.6,7.7,61.1,77.2,100.0,75.6,25.9,270.1,43.9,-125.0,-23.7,1.0,-63.0,-91.5,1.0,45.86,45.86,1.0,0.0,0.0,0.0,0.0,0.0,0,4.695,0.0,0.0,0.0,0.0,0.0
16,100.0,22.3,17.6,36.3,0.2,100.0,51.6,66.7,207.1,14.3,-119.8,138.4,1.0,31.6,57.2,1.0,70.0,100.0,0.7,0.0,0.0,0.0,4.549,0.0,0,0.0,0.0,0.0,0.0,0.0,0.0
17,100.0,3.4,70.6,35.1,72.3,100.0,51.3,2.8,10.0,72.3,69.4,-193.7,1.0,-43.8,-9.4,1.1,69.409307,100.0,0.694093,0.0,0.0,0.0,1.194,0.0,0.007,0.0,0.0,0.0,0.0,0.0,0.0
18,100.0,11.1,90.5,97.2,46.9,100.0,17.7,-46.3,247.8,81.2,150.0,0.1,1.0,-20.4,6.1,1.0,55.49531,100.0,0.554953,0.0,0.0,0.0,2.856,2.856,0.003,0.0,0.0,0.0,0.0,0.0,0.0
19,100.0,79.4,98.4,32.4,25.8,100.0,84.4,-61.7,168.4,77.8,26.0,-75.9,1.0,40.3,5.3,1.0,79.444272,100.0,0.794443,0.0,0.0,0.0,0.0,2.938,0.002,0.0,0.0,0.0,0.0,0.0,0.0
20,100.0,47.7,18.1,43.2,6.5,100.0,86.4,42.7,139.8,38.9,28.0,163.7,1.0,-17.2,-91.4,1.0,100.0,100.0,1.0,0.0,0.0,0.0,0.0,0.0,0,0.0,0.0,0.0,0.0,0.0,0.0
21,100.0,71.3,14.6,77.8,66.5,100.0,96.1,-53.1,218.1,99.2,24.5,161.9,1.0,-159.3,2.9,1.0,80.0,100.0,0.8,0.0,0.0,0.0,0.0,0.891,0,0.0,0.0,0.0,0.0,0.0,0.0
22,100.0,92.8,30.5,75.4,49.4,100.0,57.5,-33.0,163.7,42.9,-19.1,6.1,1.0,35.1,122.7,1.0,24.024,30.03,0.8,0.0,0.0,0.0,0.0,8.037,0,8.037,0.0,0.0,0.0,0.0,0.0
23,100.0,4.3,25.8,45.3,37.4,100.0,41.7,88.8,47.3,47.5,193.6,10.8,1.0,-80.3,-88.0,1.0,100.0,100.0,1.0,0.0,0.0,0.0,0.0,0.0,0,0.0,0.0,0.0,0.0,0.0,0.0
24,100.0,12.1,55.9,91.1,75.2,100.0,58.2,-56.6,348.1,72.4,-131.6,15.4,1.0,34.3,-127.4,1.0,98.884999,100.0,0.98885,0.0,0.0,0.0,0.0,0.0,0.005,0.0,0.0,0.0,0.0,0.0,0.0
25,100.0,67.7,25.5,35.8,90.8,100.0,4.6,-26.8,125.1,0.4,-220.4,-3.9,1.0,189.7,-12.2,1.0,26.180404,59.37,0.44097,0.0,0.0,0.0,2.123,4.245,0.007,2.123,0.0,0.0,0.0,0.0,0.0
26,100.0,12.2,5.4,8.9,61.8,100.0,56.8,-47.8,23.8,9.7,-184.6,57.2,1.1,-47.7,-39.9,1.1,23.82,23.82,1.0,0.0,0.0,0.0,0.0,0.0,0,18.964,0.0,0.0,0.0,0.0,0.0
27,100.0,39.0,78.1,79.0,21.4,100.0,61.4,-88.9,15.0,94.9,58.3,194.9,1.0,-128.3,-59.9,1.0,100.0,100.0,1.0,0.0,0.0,0.0,0.0,0.0,0,0.0,0.0,0.0,0.0,0.0,0.0
28,100.0,60.9,74.0,57.3,69.1,100.0,53.8,-24.4,137.1,20.8,-191.6,-32.3,1.1,42.5,-145.7,1.0,70.0,100.0,0.7,0.0,0.0,0.0,2.598,0.0,0,0.0,0.0,0.0,0.0,0.0,0.0
29,100.0,6.5,54.8,62.2,65.8,100.0,12.1,-34.4,251.0,4.3,31.5,178.5,1.0,-131.6,-78.5,1.0,100.0,100.0,1.0,0.0,0.0,0.0,0.0,0.0,0,0.0,0.0,0.0,0.0,0.0,0.0
30,100.0,28.4,42.7,27.1,48.9,100.0,97.8,-32.8,141.1,68.2,-131.6,-129.5,1.0,-188.1,-27.6,1.1,65.02,65.02,1.0,0.0,0.0,0.0,0.0,0.0,0,7.879,0.0,0.0,0.0,0.0,0.0
31,100.0,79.6,88.9,64.2,70.0,100.0,30.9,-54.0,56.8,85.5,17.3,88.1,1.0,-188.1,57.2,1.1,80.0,100.0,0.8,0.0,0.0,0.0,0.0,4.411,0,0.0,0.0,0.0,0.0,0.0,0.0
32,100.0,7.3,75.7,86.1,58.7,100.0,63.2,43.0,129.2,95.7,-51.2,-39.6,1.1,35.0,-18.5,1.0,32.68,32.68,1.0,0.0,0.0,0.0,0.0,0.0,0,22.675,0.0,0.0,0.0,0.0,0.0
33,100.0,30.4,46.7,88.5,0.9,100.0,20.7,29.0,313.3,41.3,37.1,208.8,1.0,-18.2,-94.9,1.0,100.0,100.0,1.0,0.0,0.0,0.0,0.0,0.0,0,0.0,0.0,0.0,0.0,0.0,0.0
34,100.0,77.4,4.1,53.7,86.8,100.0,97.4,-87.7,178.4,92.3,-184.6,38.2,1.1,-184.6,-54.6,1.1,100.0,100.0,1.0,0.0,0.0,0.0,0.0,0.0,0,0.0,0.0,0.0,0.0,0.0,0.0
35,100.0,59.6,0.2,51.1,67.4,100.0,12.5,-67.1,130.9,46.2,-98.2,2.8,1.0,24.5,160.7,1.0,100.0,100.0,1.0,0.0,0.0,0.0,0.0,0.0,0,0.0,0.0,0.0,0.0,0.0,0.0
36,100.0,42.9,37.1,22.7,72.0,100.0,25.3,-17.8,280.5,66.6,-121.0,27.3,1.0,-131.9,-142.4,1.1,100.0,100.0,1.0,0.0,0.0,0.0,0.0,0.0,0,0.0,0.0,0.0,0.0,0.0,0.0
37,100.0,58.5,60.3,60.1,74.2,100.0,52.2,-8.4,38.7,54.5,27.4,-128.7,1.0,-120.0,136.6,1.0,99.802875,100.0,0.998029,0.0,0.0,0.0,0.0,0.0,0.001,0.0,0.0,0.0,0.0,0.0,0.0
38,100.0,2.6,0.8,64.3,51.1,100.0,30.3,-7.7,308.8,38.7,0.8,-91.4,1.0,35.8,-51.0,1.0,53.75,53.75,1.0,0.0,0.0,0.0,0.0,0.0,0,7.032,0.0,0.0,0.0,0.0,0.0
39,100.0,83.0,38.0,10.3,33.5,100.0,2.5,56.7,292.5,19.3,69.4,-193.7,1.0,-6.7,84.6,1.0,69.302581,100.0,0.693026,0.0,0.0,0.0,1.409,0.0,0.007,0.0,0.0,0.0,0.0,0.0,0.0
40,100.0,62.3,23.5,7.7,75.8,100.0,5.9,25.3,299.8,28.9,-131.6,15.4,1.0,-103.7,94.9,1.0,100.0,100.0,1.0,0.0,0.0,0.0,0.0,0.0,0,0.0,0.0,0.0,0.0,0.0,0.0
41,100.0,8.6,86.1,77.0,8.0,100.0,8.7,27.0,246.6,84.9,-162.6,-84.6,1.0,27.1,-117.7,1.0,99.794191,100.0,0.997942,0.0,0.0,0.0,0.0,0.0,0.002,0.0,0.0,0.0,0.0,0.0,0.0
42,100.0,2.9,23.6,63.6,73.2,100.0,66.5,-39.6,35.0,67.2,-131.6,-129.5,1.0,-268.6,-19.2,1.0,55.128,68.91,0.8,0.0,0.0,0.0,0.0,5.674,0,5.674,0.0,0.0,0.0,0.0,0.0
43,100.0,75.7,32.0,83.9,77.1,100.0,40.5,42.3,54.8,30.6,-20.2,-94.9,1.0,-128.4,-43.9,1.0,100.0,100.0,1.0,0.0,0.0,0.0,0.0,0.0,0,0.0,0.0,0.0,0.0,0.0,0.0
44,100.0,25.1,2.7,13.5,89.9,100.0,94.4,12.9,335.6,25.2,7.1,-193.5,1.0,210.8,-9.3,1.0,1.34853,1.61,0.837596,0.0,0.0,0.0,0.0,0.0,0.002,0.0,0.0,81.417,0.0,0.0,0.0
45,100.0,46.7,56.6,50.6,53.4,100.0,35.0,45.2,199.3,56.5,-191.6,14.3,1.1,-202.4,-4.0,1.0,80.0,100.0,0.8,0.0,0.0,0.0,0.0,3.628,0,0.0,0.0,0.0,0.0,0.0,0.0
46,100.0,9.6,29.8,70.1,69.5,100.0,51.1,56.2,333.2,86.0,-0.4,-87.9,1.0,-184.6,-54.6,1.1,69.39456,100.0,0.693946,0.0,0.0,0.0,2.801,0.0,0.003,0.0,0.0,0.0,0.0,0.0,0.0
47,100.0,45.4,0.7,32.3,61.8,100.0,58.5,31.4,12.8,93.8,-47.8,-88.0,1.0,207.2,-12.2,1.0,99.711745,100.0,0.997117,0.0,0.0,0.0,0.0,0.0,0.002,0.0,0.0,0.0,0.0,0.0,0.0
48,100.0,25.8,20.2,11.4,22.8,100.0,32.1,-86.2,21.8,0.9,-217.4,-0.4,1.0,-157.8,87.9,1.0,64.0,100.0,0.64,0.0,0.0,0.0,0.0,4.911,0,0.0,0.0,0.0,0.0,0.0,0.0
49,100.0,64.8,98.2,46.0,20.1,100.0,18.1,-67.5,157.4,64.3,-128.3,-58.9,1.0,-99.4,2.8,1.0,100.0,100.0,1.0,0.0,0.0,0.0,0.0,0.0,0,0.0,0.0,0.0,0.0,0.0,0.0
50,100.0,51.0,71.4,45.1,42.9,100.0,57.7,-39.1,348.3,72.6,-19.1,-0.9,1.0,-93.8,-95.0,1.0,100.0,100.0,1.0,0.0,0.0,0.0,0.0,0.0,0,0.0,0.0,0.0,0.0,0.0,0.0
51,100.0,42.3,74.3,71.5,47.8,100.0,17.4,85.9,220.3,53.5,35.1,-154.5,1.0,-67.8,-4.3,1.0,100.0,100.0,1.0,0.0,0.0,0.0,0.0,0.0,0,0.0,0.0,0.0,0.0,0.0,0.0
52,100.0,36.1,35.6,70.5,20.4,100.0,97.0,6.2,283.8,21.6,-114.3,151.2,1.1,-36.3,95.0,1.0,100.0,100.0,1.0,0.0,0.0,0.0,0.0,0.0,0,0.0,0.0,0.0,0.0,0.0,0.0
53,100.0,92.3,45.0,31.2,97.4,100.0,43.2,42.9,295.9,13.5,-78.8,-95.0,1.0,23.2,194.7,1.0,4.49,4.49,1.0,0.0,0.0,0.0,0.0,0.0,0,22.559,0.0,0.0,0.0,0.0,0.0
54,100.0,11.4,74.0,34.0,28.0,100.0,23.0,53.5,324.7,48.8,-130.7,118.3,1.0,-80.3,-88.0,1.0,24.016,30.02,0.8,0.0,0.0,0.0,0.0,8.782,0,8.782,0.0,0.0,0.0,0.0,0.0
55,100.0,78.4,18.0,13.2,18.7,100.0,13.7,-4.0,346.1,95.7,-131.3,-125.7,1.0,28.6,-178.6,1.0,70.0,100.0,0.7,0.0,0.0,0.0,0.802,0.0,0,0.0,0.0,0.0,0.0,0.0,0.0
56,100.0,26.4,93.6,64.9,35.4,100.0,44.3,-2.6,111.9,42.1,-97.0,-0.7,1.0,24.6,54.2,1.0,68.96,68.96,1.0,0.0,0.0,0.0,0.0,0.0,0,3.968,0.0,0.0,0.0,0.0,0.0
57,100.0,11.0,56.6,87.1,3.8,100.0,67.2,43.0,270.4,67.7,189.7,-11.0,1.0,-87.6,84.5,1.0,100.0,100.0,1.0,0.0,0.0,0.0,0.0,0.0,0,0.0,0.0,0.0,0.0,0.0,0.0
58,100.0,51.8,66.6,82.1,17.6,100.0,10.3,84.4,134.6,40.2,35.0,163.7,1.0,-221.9,3.1,1.0,63.16037,100.0,0.631604,0.0,0.0,0.0,0.0,4.163,0.006,0.0,0.0,0.0,0.0,0.0,0.0
59,100.0,12.0,81.0,54.3,24.4,100.0,71.7,-64.0,25.5,29.1,-90.8,88.0,1.0,68.3,-193.7,1.0,23.35,23.35,1.0,0.0,0.0,0.0,0.0,0.0,0,9.385,0.0,0.0,0.0,0.0,0.0
60,100.0,11.1,72.1,97.8,9.3,100.0,63.9,-38.0,34.7,76.7,-120.0,136.6,1.0,26.0,-76.9,1.0,100.0,100.0,1.0,0.0,0.0,0.0,0.0,0.0,0,0.0,0.0,0.0,0.0,0.0,0.0
61,100.0,46.1,61.0,12.0,31.0,100.0,67.0,61.0,211.8,98.2,-121.5,-25.9,1.0,-131.5,27.4,1.0,80.0,100.0,0.8,0.0,0.0,0.0,0.0,3.468,0,0.0,0.0,0.0,0.0,0.0,0.0
62,100.0,5.9,79.1,90.6,89.5,100.0,83.7,64.0,332.8,85.2,-47.1,34.9,1.1,69.4,-200.7,1.0,99.304078,100.0,0.993041,0.0,0.0,0.0,0.0,0.0,0.006,0.0,0.0,0.0,0.0,0.0,0.0
63,100.0,47.1,7.5,60.3,85.7,100.0,81.2,-82.6,293.5,31.8,-135.3,147.6,1.1,-51.2,-40.6,1.1,55.679841,100.0,0.556798,0.0,0.0,0.0,2.382,2.382,0.002,0.0,0.0,0.0,0.0,0.0,0.0
64,100.0,4.5,37.9,78.3,46.6,100.0,47.0,34.7,223.9,85.9,-158.2,-4.1,1.0,-47.2,56.5,1.1,56.0,100.0,0.56,0.0,0.0,0.0,3.499,3.499,0,0.0,0.0,0.0,0.0,0.0,0.0
65,100.0,48.5,68.0,36.5,28.7,100.0,78.7,-60.9,83.9,54.1,-50.7,53.9,1.1,26.0,-76.9,1.0,43.17,43.17,1.0,0.0,0.0,0.0,0.0,0.0,0,5.879,0.0,0.0,0.0,0.0,0.0
66,100.0,40.7,16.0,39.7,30.9,100.0,29.6,70.3,1.9,75.9,69.4,-200.7,1.0,-87.6,84.5,1.0,99.047621,100.0,0.990476,0.0,0.0,0.0,0.0,0.0,0.004,0.0,0.0,0.0,0.0,0.0,0.0
67,100.0,48.5,49.2,33.2,31.4,100.0,53.4,-43.2,20.0,92.7,-47.1,34.9,1.1,-54.6,-24.6,1.1,100.0,100.0,1.0,0.0,0.0,0.0,0.0,0.0,0,0.0,0.0,0.0,0.0,0.0,0.0
68,100.0,12.7,68.6,38.7,26.6,100.0,94.3,-59.1,141.8,20.4,-131.6,15.8,1.0,-113.5,-84.6,1.0,64.0,100.0,0.64,0.0,0.0,0.0,0.0,5.693,0,0.0,0.0,0.0,0.0,0.0,0.0
69,100.0,22.6,47.9,38.7,31.9,100.0,65.3,44.1,118.1,65.7,-191.6,14.3,1.1,59.5,187.9,1.0,25.239228,36.16,0.697988,0.0,0.0,0.0,2.875,0.0,0.001,2.875,0.0,0.0,0.0,0.0,0.0
70,100.0,5.8,28.4,32.4,72.7,100.0,21.0,-20.0,275.1,37.7,-113.2,2.8,1.0,35.2,-28.4,1.0,100.0,100.0,1.0,0.0,0.0,0.0,0.0,0.0,0,0.0,0.0,0.0,0.0,0.0,0.0
71,100.0,86.1,75.4,9.3,72.2,100.0,46.4,64.5,248.4,69.1,-50.5,33.3,1.1,-195.1,34.3,1.1,69.58,69.58,1.0,0.0,0.0,0.0,0.0,0.0,0,4.98,0.0,0.0,0.0,0.0,0.0
72,100.0,40.6,10.2,10.1,24.8,100.0,91.4,66.9,131.0,95.1,-127.7,53.4,1.0,-109.7,91.4,1.0,100.0,100.0,1.0,0.0,0.0,0.0,0.0,0.0,0,0.0,0.0,0.0,0.0,0.0,0.0
73,100.0,96.7,34.8,1.3,51.6,100.0,91.5,10.8,132.3,69.8,-188.1,-29.4,1.1,-36.4,2.6,1.0,80.0,100.0,0.8,0.0,0.0,0.0,0.0,3.628,0,0.0,0.0,0.0,0.0,0.0,0.0
74,100.0,18.4,86.4,89.4,48.3,100.0,28.2,15.2,43.2,86.5,-63.6,88.0,1.0,-265.5,20.8,1.0,80.0,100.0,0.8,0.0,0.0,0.0,0.0,3.88,0,0.0,0.0,0.0,0.0,0.0,0.0
75,100.0,61.1,87.3,6.8,86.3,100.0,33.6,57.0,220.1,43.5,-217.6,-0.4,1.0,28.1,30.2,1.0,39.948282,63.85,0.625658,0.0,0.0,0.0,0.0,6.215,0.007,3.107,0.0,0.0,0.0,0.0,0.0
76,100.0,95.9,84.6,94.2,12.2,100.0,26.1,-67.3,228.4,40.9,-120.6,74.9,1.0,37.9,-128.3,1.0,20.99,20.99,1.0,0.0,0.0,0.0,0.0,0.0,0,14.254,0.0,0.0,0.0,0.0,0.0
77,100.0,34.9,97.8,74.0,53.6,100.0,7.9,51.9,158.7,19.6,35.1,-154.5,1.0,24.6,146.7,1.0,79.588177,100.0,0.795882,0.0,0.0,0.0,0.0,0.948,0.005,0.0,0.0,0.0,0.0,0.0,0.0
78,100.0,8.3,69.5,52.2,53.6,100.0,71.4,28.9,301.8,29.0,35.5,90.5,1.0,31.6,57.2,1.0,56.0,100.0,0.56,0.0,0.0,0.0,2.086,2.086,0,0.0,0.0,0.0,0.0,0.0,0.0
79,100.0,3.7,98.6,23.4,74.9,100.0,57.5,74.8,338.9,55.8,-110.7,-88.1,1.0,-51.1,-22.8,1.1,100.0,100.0,1.0,0.0,0.0,0.0,0.0,0.0,0,0.0,0.0,0.0,0.0,0.0,0.0
80,100.0,86.2,8.2,70.2,70.8,100.0,30.7,14.6,243.2,51.3,35.8,-52.0,1.0,196.7,-12.3,1.0,100.0,100.0,1.0,0.0,0.0,0.0,0.0,0.0,0,0.0,0.0,0.0,0.0,0.0,0.0
81,100.0,48.3,60.7,33.1,61.5,100.0,75.8,-49.9,300.7,56.6,37.9,-130.3,1.0,-124.8,-57.9,1.0,40.76281,64.77,0.629347,0.0,0.0,0.0,0.0,5.465,0.006,2.732,0.0,0.0,0.0,0.0,0.0
82,100.0,90.1,89.9,16.1,68.6,100.0,76.5,-78.8,201.9,80.4,36.7,-194.4,1.0,11.2,-1.0,1.0,98.099384,100.0,0.980994,0.0,0.0,0.0,0.0,0.0,0.004,0.0,0.0,0.0,0.0,0.0,0.0
83,100.0,20.0,21.6,31.7,36.5,100.0,33.6,-15.5,317.2,44.6,211.0,13.9,1.0,24.6,121.8,1.0,1.1245,1.73,0.65,0.0,0.0,87.013,0.0,0.0,0,0.0,0.0,87.013,0.0,0.0,0.0
84,100.0,20.9,50.4,34.5,11.6,100.0,66.3,-19.3,125.6,53.8,-120.6,74.9,1.0,-157.8,87.9,1.0,22.82,22.82,1.0,0.0,0.0,0.0,0.0,0.0,0,14.252,0.0,0.0,0.0,0.0,0.0
85,100.0,5.2,53.1,2.5,0.0,100.0,97.4,31.0,28.9,41.2,-217.9,6.6,1.0,-121.0,28.9,1.0,80.0,100.0,0.8,0.0,0.0,0.0,0.0,4.493,0,0.0,0.0,0.0,0.0,0.0,0.0
86,100.0,60.8,17.8,57.2,27.8,100.0,11.0,-10.7,328.1,72.3,-62.6,-95.0,1.0,-105.4,6.3,1.0,100.0,100.0,1.0,0.0,0.0,0.0,0.0,0.0,0,0.0,0.0,0.0,0.0,0.0,0.0
87,100.0,33.8,31.0,72.0,65.5,100.0,25.4,28.9,150.6,19.0,28.1,30.2,1.0,-130.7,117.3,1.0,98.637554,100.0,0.986376,0.0,0.0,0.0,0.0,0.0,0.003,0.0,0.0,0.0,0.0,0.0,0.0
88,100.0,50.6,81.8,9.0,57.0,100.0,91.9,33.7,299.6,42.2,-124.0,75.9,1.0,-157.8,87.9,1.0,96.1,96.1,1.0,0.0,0.0,0.0,0.0,0.0,0,0.0,0.0,40.635,0.0,0.0,0.0
89,100.0,48.5,95.7,89.5,28.2,100.0,58.0,31.4,156.9,19.5,-265.5,19.6,1.0,-50.7,52.9,1.1,68.340519,100.0,0.683405,0.0,0.0,0.0,3.746,0.0,0.006,0.0,0.0,0.0,0.0,0.0,0.0
90,100.0,41.6,96.9,93.4,40.2,100.0,89.5,20.3,359.6,6.9,207.6,11.1,1.0,196.7,-12.3,1.0,80.0,100.0,0.8,0.0,0.0,0.0,0.0,0.902,0,0.0,0.0,0.0,0.0,0.0,0.0
91,100.0,78.6,92.9,23.1,31.5,100.0,92.2,-71.7,306.1,75.2,-47.2,55.5,1.1,57.5,191.4,1.0,99.557123,100.0,0.995571,0.0,0.0,0.0,0.0,0.0,0.004,0.0,0.0,0.0,0.0,0.0,0.0
92,100.0,8.4,69.9,99.3,22.0,100.0,34.6,62.7,195.5,18.5,-143.8,84.4,1.0,-54.9,-78.7,1.1,23.04,28.8,0.8,0.0,0.0,0.0,0.0,8.516,0,8.516,0.0,0.0,0.0,0.0,0.0
93,100.0,32.6,12.2,80.1,28.3,100.0,82.7,-74.2,280.7,17.1,-54.8,-59.6,1.1,-54.1,13.7,1.1,56.903,81.29,0.7,0.0,0.0,0.0,3.538,0.0,0,3.538,0.0,0.0,0.0,0.0,0.0
94,100.0,75.4,73.6,72.3,9.0,100.0,7.3,-12.7,26.5,89.2,30.9,-130.6,1.0,211.0,15.1,1.0,23.73,33.9,0.7,0.0,0.0,0.0,4.505,0.0,0,4.505,0.0,0.0,0.0,0.0,0.0
95,100.0,25.3,98.7,8.0,75.3,100.0,85.3,47.9,284.5,46.4,35.1,137.7,1.0,-47.8,-57.9,1.1,100.0,100.0,1.0,0.0,0.0,0.0,0.0,0.0,0,0.0,0.0,0.0,0.0,0.0,0.0
96,100.0,40.9,9.8,80.3,24.6,100.0,52.9,-43.0,86.7,49.0,-62.8,-4.3,1.0,-147.5,-95.1,1.0,100.0,100.0,1.0,0.0,0.0,0.0,0.0,0.0,0,0.0,0.0,0.0,0.0,0.0,0.0
97,100.0,65.6,64.4,0.3,51.8,100.0,46.6,63.0,82.1,16.6,-128.0,27.4,1.0,24.7,-30.3,1.0,100.0,100.0,1.0,0.0,0.0,0.0,0.0,0.0,0,0.0,0.0,0.0,0.0,0.0,0.0
98,100.0,43.2,95.8,1.8,85.2,100.0,3.3,72.9,297.9,44.8,31.6,56.2,1.0,-54.0,19.7,1.1,100.0,100.0,1.0,0.0,0.0,0.0,0.0,0.0,0,0.0,0.0,0.0,0.0,0.0,0.0
99,100.0,88.1,63.6,50.3,78.9,100.0,12.5,13.7,16.3,27.8,-124.9,-40.3,1.0,-121.4,-10.2,1.0,74.65,74.65,1.0,0.0,0.0,0.0,0.0,0.0,0,5.352,0.0,0.0,0.0,0.0,0.0
100,100.0,35.6,55.1,76.2,7.8,100.0,96.8,-61.1,330.5,55.5,-97.0,-0.7,1.0,-105.3,-88.1,1.0,100.0,100.0,1.0,0.0,0.0,0.0,0.0,0.0,0,0.0,0.0,0.0,0.0,0.0,0.0
101,100.0,66.9,17.0,23.0,96.1,100.0,42.0,-38.1,183.8,55.7,-191.6,-32.3,1.1,31.5,179.5,1.0,70.0,100.0,0.7,0.0,0.0,0.0,0.764,0.0,0,0.0,0.0,0.0,0.0,0.0,0.0
102,100.0,98.8,48.2,66.6,42.7,100.0,89.2,-16.2,301.4,74.3,35.1,95.8,1.0,-179.3,3.0,1.0,51.504,64.38,0.8,0.0,0.0,0.0,0.0,2.521,0,2.521,0.0,0.0,0.0,0.0,0.0
103,100.0,70.2,5.4,47.9,0.2,100.0,21.0,-35.9,18.5,60.7,-55.2,-79.4,1.1,-1.4,2.6,1.0,67.39,67.39,1.0,0.0,0.0,0.0,0.0,0.0,0,11.779,0.0,0.0,0.0,0.0,0.0
104,100.0,17.9,22.9,82.8,14.9,100.0,15.0,-79.7,200.0,86.0,-121.3,-58.6,1.0,-184.6,58.2,1.1,64.0,100.0,0.64,0.0,0.0,0.0,0.0,5.204,0,0.0,0.0,0.0,0.0,0.0,0.0
105,100.0,0.9,5.9,86.8,53.9,100.0,75.4,60.7,235.1,11.1,18.0,-94.9,1.0,204.0,15.0,1.0,69.923002,100.0,0.69923,0.0,0.0,0.0,1.367,0.0,0.001,0.0,0.0,0.0,0.0,0.0,0.0
106,100.0,36.5,20.5,87.4,87.1,100.0,81.7,13.7,21.6,3.2,-95.3,-95.0,1.0,35.8,-51.0,1.0,70.0,100.0,0.7,0.0,0.0,0.0,3.098,0.0,0,0.0,0.0,0.0,0.0,0.0,0.0
107,100.0,75.9,33.5,76.8,99.0,100.0,88.0,14.7,355.9,95.3,36.7,-194.4,1.0,-131.6,-78.5,1.0,100.0,100.0,1.0,0.0,0.0,0.0,0.0,0.0,0,0.0,0.0,0.0,0.0,0.0,0.0
108,100.0,53.0,29.7,86.7,8.2,100.0,95.8,43.8,59.8,31.2,-51.5,-87.7,1.1,24.6,30.2,1.0,50.47,50.47,1.0,0.0,0.0,0.0,0.0,0.0,0,10.854,0.0,0.0,0.0,0.0,0.0
109,100.0,36.3,32.4,52.5,81.1,100.0,82.9,-46.2,7.9,80.8,-80.3,-84.5,1.0,72.6,-204.3,1.0,11.23,11.23,1.0,0.0,0.0,0.0,0.0,0.0,0,8.921,0.0,0.0,0.0,0.0,0.0
110,100.0,66.4,83.4,89.0,77.8,100.0,77.4,-39.2,322.7,23.7,-62.6,-95.0,1.0,68.3,-193.7,1.0,25.96,25.96,1.0,0.0,0.0,0.0,0.0,0.0,0,9.993,0.0,0.0,0.0,0.0,0.0
111,100.0,82.3,45.9,70.3,15.0,100.0,37.7,-84.9,338.8,34.2,-159.7,6.4,1.0,31.5,163.4,1.0,22.986893,32.94,0.697841,0.0,0.0,0.0,3.083,0.0,0.001,3.083,0.0,0.0,0.0,0.0,0.0
112,100.0,49.1,31.6,73.4,30.0,100.0,89.6,-19.2,17.6,50.7,-54.2,55.9,1.1,-121.3,-56.9,1.0,100.0,100.0,1.0,0.0,0.0,0.0,0.0,0.0,0,0.0,0.0,0.0,0.0,0.0,0.0
113,100.0,43.4,51.9,7.8,93.1,100.0,81.7,-56.7,284.7,84.4,-121.0,-103.9,1.0,-132.0,-25.0,1.0,80.0,100.0,0.8,0.0,0.0,0.0,0.0,3.977,0,0.0,0.0,0.0,0.0,0.0,0.0
114,100.0,67.8,68.7,82.6,44.6,100.0,45.4,79.5,326.6,83.6,-195.1,36.3,1.1,-177.3,6.5,1.0,46.6176,72.84,0.64,0.0,0.0,0.0,0.0,8.169,0,4.084,0.0,0.0,0.0,0.0,0.0
115,100.0,99.0,26.2,25.8,63.6,100.0,38.2,47.6,147.7,48.6,35.1,121.2,1.0,11.3,84.6,1.0,100.0,100.0,1.0,0.0,0.0,0.0,0.0,0.0,0,0.0,0.0,0.0,0.0,0.0,0.0
116,100.0,93.2,2.2,68.7,99.3,100.0,77.7,-10.4,68.5,22.8,-121.0,-103.9,1.0,-90.7,91.5,1.0,56.0,100.0,0.56,0.0,0.0,0.0,2.508,2.508,0,0.0,0.0,0.0,0.0,0.0,0.0
117,100.0,39.2,31.2,66.0,93.9,100.0,35.4,44.4,351.5,20.5,70.6,-190.3,1.0,38.5,-151.4,1.0,100.0,100.0,1.0,0.0,0.0,0.0,0.0,0.0,0,0.0,0.0,0.0,0.0,0.0,0.0
118,100.0,89.8,90.9,74.9,69.8,100.0,3.7,-3.8,103.8,19.1,-9.6,88.1,1.0,-95.8,-91.5,1.0,100.0,100.0,1.0,0.0,0.0,0.0,0.0,0.0,0,0.0,0.0,0.0,0.0,0.0,0.0
119,100.0,81.4,5.1,5.8,62.5,100.0,92.9,-53.8,231.4,82.0,-60.5,84.1,1.0,35.1,56.2,1.0,100.0,100.0,1.0,0.0,0.0,0.0,0.0,0.0,0,0.0,0.0,0.0,0.0,0.0,0.0
120,100.0,94.2,46.5,67.3,76.9,100.0,76.7,-15.4,333.6,93.4,-121.0,27.3,1.0,-191.6,-57.3,1.1,80.0,100.0,0.8,0.0,0.0,0.0,0.0,4.71,0,0.0,0.0,0.0,0.0,0.0,0.0
121,100.0,70.7,44.9,85.8,4.5,100.0,54.1,-50.3,29.1,92.7,-124.5,28.9,1.0,-51.1,-22.8,1.1,100.0,100.0,1.0,0.0,0.0,0.0,0.0,0.0,0,0.0,0.0,0.0,0.0,0.0,0.0
122,100.0,64.5,49.1,65.4,52.0,100.0,80.0,28.0,223.3,24.2,31.5,178.5,1.0,-38.8,-84.5,1.0,100.0,100.0,1.0,0.0,0.0,0.0,0.0,0.0,0,0.0,0.0,0.0,0.0,0.0,0.0
123,100.0,55.1,84.1,84.7,42.3,100.0,47.2,56.1,251.1,38.7,-0.6,-87.9,1.0,23.2,194.7,1.0,11.47895,11.61,0.988712,0.0,0.0,0.0,0.0,0.0,0.001,11.288,0.0,0.0,0.0,0.0,0.0
124,100.0,6.7,73.4,62.8,95.6,100.0,0.9,62.3,10.2,46.5,-63.6,88.0,1.0,28.9,-53.8,1.0,35.18,35.18,1.0,0.0,0.0,0.0,0.0,0.0,0,7.464,0.0,0.0,0.0,0.0,0.0
125,100.0,91.4,9.8,37.1,59.4,100.0,51.8,72.5,344.9,39.0,35.0,5.1,1.0,38.5,-151.4,1.0,100.0,100.0,1.0,0.0,0.0,0.0,0.0,0.0,0,0.0,0.0,0.0,0.0,0.0,0.0
126,100.0,11.1,72.1,66.8,89.0,100.0,66.0,-56.4,162.7,15.3,-164.5,-95.1,1.0,-80.8,-4.3,1.0,5.616,7.02,0.8,0.0,0.0,0.0,0.0,45.649,0,45.649,0.0,0.0,0.0,0.0,0.0
127,100.0,78.7,24.6,43.2,49.8,100.0,37.9,28.2,200.3,25.5,-162.6,-84.6,1.0,-200.3,-0.5,1.0,63.34,63.34,1.0,0.0,0.0,0.0,0.0,0.0,0,9.121,0.0,0.0,0.0,0.0,0.0
128,100.0,30.0,86.6,31.6,52.9,100.0,76.4,23.6,65.8,97.8,-161.4,91.4,1.0,69.4,-200.7,1.0,99.733489,100.0,0.997335,0.0,0.0,0.0,0.0,0.0,0.002,0.0,0.0,0.0,0.0,0.0,0.0
129,100.0,66.3,22.2,70.2,87.9,100.0,32.5,55.4,258.6,35.9,-121.0,-104.4,1.0,12.8,-94.9,1.0,30.74,30.74,1.0,0.0,0.0,0.0,0.0,0.0,0,8.102,0.0,0.0,0.0,0.0,0.0
130,100.0,6.7,2.4,41.1,84.6,100.0,26.6,71.2,287.8,20.2,-47.6,91.5,1.0,28.3,-200.6,1.0,8.29,8.29,1.0,0.0,0.0,0.0,0.0,0.0,0,12.051,0.0,0.0,0.0,0.0,0.0
131,100.0,37.6,75.2,8.7,80.0,100.0,10.7,85.9,239.4,47.9,-43.5,33.4,1.1,-67.8,-4.3,1.0,100.0,100.0,1.0,0.0,0.0,0.0,0.0,0.0,0,0.0,0.0,0.0,0.0,0.0,0.0
132,100.0,43.9,30.5,4.8,16.5,100.0,99.2,-75.6,354.1,45.8,-159.1,87.9,1.0,23.2,194.7,1.0,7.36,9.2,0.8,0.0,0.0,0.0,0.0,9.69,0,9.69,0.0,0.0,0.0,0.0,0.0
133,100.0,26.4,67.7,95.1,72.5,100.0,75.7,-45.7,64.6,14.8,-96.3,-84.5,1.0,-124.1,69.9,1.0,70.0,100.0,0.7,0.0,0.0,0.0,3.551,0.0,0,0.0,0.0,0.0,0.0,0.0,0.0
134,100.0,97.6,4.7,12.1,89.2,100.0,19.8,84.9,250.0,55.2,-184.6,-55.6,1.1,-130.7,117.3,1.0,56.0,100.0,0.56,0.0,0.0,0.0,3.61,3.61,0,0.0,0.0,0.0,0.0,0.0,0.0
135,100.0,4.0,27.2,68.0,78.2,100.0,63.1,-69.3,127.8,47.6,-161.8,84.4,1.0,38.7,145.1,1.0,7.088,8.86,0.8,0.0,0.0,0.0,0.0,10.06,0,10.06,0.0,0.0,0.0,0.0,0.0
136,100.0,0.8,24.2,9.7,97.8,100.0,63.0,-7.3,198.1,41.6,24.6,55.7,1.0,27.4,-129.7,1.0,100.0,100.0,1.0,0.0,0.0,0.0,0.0,0.0,0,0.0,0.0,0.0,0.0,0.0,0.0
137,100.0,76.9,84.7,38.7,74.8,100.0,73.7,-77.1,292.2,66.4,-123.7,118.6,1.0,-124.0,75.9,1.0,97.59,97.59,1.0,0.0,0.0,0.0,0.0,0.0,0,0.0,0.0,24.674,0.0,0.0,0.0
138,100.0,45.7,59.7,62.0,94.1,100.0,40.1,15.6,96.4,43.0,-158.8,87.9,1.0,-124.4,30.9,1.0,80.0,100.0,0.8,0.0,0.0,0.0,0.0,3.892,0,0.0,0.0,0.0,0.0,0.0,0.0
139,100.0,45.2,17.4,73.8,83.9,100.0,30.4,20.8,279.8,76.6,144.4,-2.0,1.0,37.9,-128.3,1.0,78.498093,100.0,0.784981,0.0,0.0,0.0,0.0,4.807,0.004,0.0,0.0,0.0,0.0,0.0,0.0
140,100.0,72.9,43.6,18.2,37.4,100.0,72.6,24.0,147.4,40.1,35.1,137.7,1.0,-96.8,-4.2,1.0,100.0,100.0,1.0,0.0,0.0,0.0,0.0,0.0,0,0.0,0.0,0.0,0.0,0.0,0.0
141,100.0,1.5,36.2,70.2,37.1,100.0,21.7,78.1,200.9,85.3,30.9,-130.2,1.0,-11.3,95.1,1.0,100.0,100.0,1.0,0.0,0.0,0.0,0.0,0.0,0,0.0,0.0,0.0,0.0,0.0,0.0
142,100.0,49.9,27.2,83.4,68.3,100.0,55.7,-9.6,331.3,77.7,-115.3,154.7,1.1,28.9,-53.8,1.0,51.66,51.66,1.0,0.0,0.0,0.0,0.0,0.0,0,5.006,0.0,0.0,0.0,0.0,0.0
143,100.0,47.3,6.7,87.0,81.2,100.0,45.3,80.7,302.5,12.3,26.0,-75.9,1.0,-90.7,91.5,1.0,98.843054,100.0,0.988431,0.0,0.0,0.0,0.0,0.0,0.004,0.0,0.0,0.0,0.0,0.0,0.0
144,100.0,41.3,62.0,73.9,79.1,100.0,31.0,48.3,171.2,5.3,-195.1,36.2,1.1,-54.6,-24.6,1.1,56.0,100.0,0.56,0.0,0.0,0.0,2.463,2.463,0,0.0,0.0,0.0,0.0,0.0,0.0
145,100.0,93.1,27.5,53.6,66.7,100.0,37.5,80.1,140.0,30.5,0.5,2.5,1.0,-121.4,-40.9,1.0,100.0,100.0,1.0,0.0,0.0,0.0,0.0,0.0,0,0.0,0.0,0.0,0.0,0.0,0.0
146,100.0,21.0,71.5,4.8,31.0,100.0,39.1,-55.9,333.5,54.7,-36.3,95.0,1.0,-184.6,-30.6,1.1,100.0,100.0,1.0,0.0,0.0,0.0,0.0,0.0,0,0.0,0.0,0.0,0.0,0.0,0.0
147,100.0,28.5,20.2,54.0,61.3,100.0,61.5,-4.2,223.3,90.4,-121.4,-41.9,1.0,-36.3,91.5,1.0,80.0,100.0,0.8,0.0,0.0,0.0,0.0,2.378,0,0.0,0.0,0.0,0.0,0.0,0.0
148,100.0,30.9,4.7,78.9,85.0,100.0,41.9,54.2,79.9,99.8,-110.9,6.3,1.0,34.0,-114.4,1.0,99.025987,100.0,0.99026,0.0,0.0,0.0,0.0,0.0,0.002,0.0,0.0,0.0,0.0,0.0,0.0
149,100.0,73.6,72.6,47.5,85.2,100.0,87.1,-43.3,244.6,56.6,58.3,194.9,1.0,-78.8,-91.5,1.0,100.0,100.0,1.0,0.0,0.0,0.0,0.0,0.0,0,0.0,0.0,0.0,0.0,0.0,0.0
150,100.0,22.6,95.8,11.8,44.8,100.0,86.6,67.8,33.4,22.1,-191.6,-32.3,1.1,-17.2,-91.4,1.0,70.0,100.0,0.7,0.0,0.0,0.0,2.607,0.0,0,0.0,0.0,0.0,0.0,0.0,0.0
151,100.0,51.1,7.1,95.9,5.0,100.0,43.3,67.7,64.6,62.8,-162.5,-84.6,1.0,35.1,180.9,1.0,19.640594,28.17,0.697217,0.0,0.0,0.0,3.976,0.0,0.001,3.976,0.0,0.0,0.0,0.0,0.0
152,100.0,28.1,93.1,5.8,55.7,100.0,66.9,-30.5,242.0,84.4,-191.6,38.0,1.1,-131.2,53.4,1.0,10.944,13.68,0.8,0.0,0.0,0.0,0.0,20.36,0,20.36,0.0,0.0,0.0,0.0,0.0
153,100.0,98.5,98.9,50.5,45.9,100.0,71.5,65.3,223.3,69.5,30.6,-118.0,1.0,-139.7,87.9,1.0,99.779358,100.0,0.997794,0.0,0.0,0.0,0.0,0.0,0.001,0.0,0.0,0.0,0.0,0.0,0.0
154,100.0,89.0,22.5,34.9,99.0,100.0,64.4,-5.4,236.2,44.5,-121.4,-10.2,1.0,31.7,-27.5,1.0,69.58,69.58,1.0,0.0,0.0,0.0,0.0,0.0,0,4.465,0.0,0.0,0.0,0.0,0.0
155,100.0,41.9,63.2,48.5,5.0,100.0,46.2,-53.4,249.2,46.7,-191.6,-56.3,1.1,-124.9,-38.9,1.0,100.0,100.0,1.0,0.0,0.0,0.0,0.0,0.0,0,0.0,0.0,0.0,0.0,0.0,0.0
156,100.0,41.6,72.2,52.5,95.1,100.0,7.1,-8.7,307.1,93.7,27.7,-141.7,1.0,37.5,-116.3,1.0,80.0,100.0,0.8,0.0,0.0,0.0,0.0,2.826,0,0.0,0.0,0.0,0.0,0.0,0.0
157,100.0,55.7,47.6,19.6,3.7,100.0,4.0,-78.9,37.6,31.7,-62.6,-95.0,1.0,-188.1,57.2,1.1,56.0,100.0,0.56,0.0,0.0,0.0,3.22,3.22,0,0.0,0.0,0.0,0.0,0.0,0.0
158,100.0,81.6,79.4,40.1,7.3,100.0,69.2,-15.0,187.1,58.0,-0.9,6.1,1.0,31.6,140.7,1.0,100.0,100.0,1.0,0.0,0.0,0.0,0.0,0.0,0,0.0,0.0,0.0,0.0,0.0,0.0
159,100.0,73.2,63.1,75.5,3.6,100.0,84.2,-44.8,183.6,90.4,-268.6,-21.2,1.0,-139.4,-0.6,1.0,21.944,27.43,0.8,0.0,0.0,0.0,0.0,8.101,0,8.101,0.0,0.0,0.0,0.0,0.0
160,100.0,96.4,35.9,33.4,91.8,100.0,23.4,32.1,15.3,76.1,24.6,148.7,1.0,-124.2,56.9,1.0,99.796017,100.0,0.99796,0.0,0.0,0.0,0.0,0.0,0.002,0.0,0.0,0.0,0.0,0.0,0.0
161,100.0,47.2,29.7,21.5,59.4,100.0,88.1,-24.7,82.3,79.0,-116.0,-138.7,1.1,-127.3,103.2,1.0,70.0,100.0,0.7,0.0,0.0,0.0,2.908,0.0,0,0.0,0.0,0.0,0.0,0.0,0.0
162,100.0,60.2,57.8,60.0,99.4,100.0,16.2,22.2,106.9,64.8,-44.0,-11.7,1.1,35.2,78.0,1.0,78.928602,100.0,0.789286,0.0,0.0,0.0,0.0,2.435,0.005,0.0,0.0,0.0,0.0,0.0,0.0
163,100.0,16.9,97.8,54.3,27.1,100.0,83.1,35.9,112.7,14.0,-161.0,91.4,1.0,-131.8,-61.9,1.0,38.31,38.31,1.0,0.0,0.0,0.0,0.0,0.0,0,8.082,0.0,0.0,0.0,0.0,0.0
164,100.0,74.3,89.9,27.2,23.4,100.0,34.9,70.7,107.1,86.4,34.4,-128.5,1.0,211.0,15.1,1.0,63.872371,100.0,0.638724,0.0,0.0,0.0,0.0,2.319,0.002,0.0,0.0,0.0,0.0,0.0,0.0
165,100.0,89.2,68.7,56.9,3.0,100.0,40.9,82.4,294.6,75.7,-82.8,-4.2,1.0,-54.1,13.7,1.1,53.024,66.28,0.8,0.0,0.0,0.0,0.0,3.964,0,3.964,0.0,0.0,0.0,0.0,0.0
166,100.0,82.8,97.4,34.0,62.2,100.0,58.7,4.7,69.5,44.1,-121.5,-25.9,1.0,33.7,-103.2,1.0,70.0,100.0,0.7,0.0,0.0,0.0,4.561,0.0,0,0.0,0.0,0.0,0.0,0.0,0.0
167,100.0,72.6,85.8,26.3,43.0,100.0,89.5,-88.3,21.4,42.0,31.4,-12.6,1.0,-166.6,-88.1,1.0,80.0,100.0,0.8,0.0,0.0,0.0,0.0,2.617,0,0.0,0.0,0.0,0.0,0.0,0.0
168,100.0,73.1,11.8,95.3,27.8,100.0,72.3,-15.9,28.6,32.2,-127.3,105.2,1.0,-139.7,87.9,1.0,100.0,100.0,1.0,0.0,0.0,0.0,0.0,0.0,0,0.0,0.0,0.0,0.0,0.0,0.0
169,100.0,72.9,28.7,62.5,19.9,100.0,56.7,75.8,212.8,5.9,-78.3,-88.0,1.0,-221.9,3.1,1.0,44.576,55.72,0.8,0.0,0.0,0.0,0.0,4.001,0,4.001,0.0,0.0,0.0,0.0,0.0
170,100.0,33.1,65.0,36.5,62.8,100.0,40.8,31.0,92.9,38.3,34.9,-14.6,1.0,36.2,201.7,1.0,100.0,100.0,1.0,0.0,0.0,0.0,0.0,0.0,0,0.0,0.0,0.0,0.0,0.0,0.0
171,100.0,60.7,31.1,97.0,20.6,100.0,52.4,-89.7,189.1,11.9,-143.8,84.4,1.0,-188.1,57.2,1.1,80.0,100.0,0.8,0.0,0.0,0.0,0.0,15.441,0,0.0,0.0,0.0,0.0,0.0,0.0
172,100.0,80.3,74.2,43.3,89.3,100.0,3.6,-87.0,338.2,40.4,-98.4,2.8,1.0,-132.0,-25.0,1.0,100.0,100.0,1.0,0.0,0.0,0.0,0.0,0.0,0,0.0,0.0,0.0,0.0,0.0,0.0
173,100.0,1.1,39.5,7.6,43.5,100.0,56.5,-27.6,61.5,95.1,24.6,14.2,1.0,31.6,57.2,1.0,69.296478,100.0,0.692965,0.0,0.0,0.0,2.138,0.0,0.005,0.0,0.0,0.0,0.0,0.0,0.0
174,100.0,47.0,71.8,87.5,77.2,100.0,69.3,78.7,257.8,73.1,1.4,-84.4,1.0,-124.2,56.9,1.0,98.859061,100.0,0.988591,0.0,0.0,0.0,0.0,0.0,0.004,0.0,0.0,0.0,0.0,0.0,0.0
175,100.0,77.5,0.2,96.5,3.7,100.0,68.6,-74.0,100.8,21.5,-188.1,-29.4,1.1,-47.3,76.6,1.1,56.0,100.0,0.56,0.0,0.0,0.0,2.133,2.133,0,0.0,0.0,0.0,0.0,0.0,0.0
176,100.0,33.2,5.4,96.1,55.5,100.0,66.0,24.4,1.2,98.9,189.7,-11.0,1.0,29.5,-76.8,1.0,79.634464,100.0,0.796345,0.0,0.0,0.0,0.0,1.434,0.003,0.0,0.0,0.0,0.0,0.0,0.0
177,100.0,24.1,32.5,91.6,78.5,100.0,94.1,-41.3,225.3,77.4,-131.7,-76.9,1.0,24.7,-30.3,1.0,99.556172,100.0,0.995562,0.0,0.0,0.0,0.0,0.0,0.002,0.0,0.0,0.0,0.0,0.0,0.0
178,100.0,17.9,50.8,78.4,80.9,100.0,86.4,12.0,335.6,79.2,-81.8,-0.8,1.0,-133.3,147.6,1.1,99.500343,100.0,0.995003,0.0,0.0,0.0,0.0,0.0,0.002,0.0,0.0,0.0,0.0,0.0,0.0
179,100.0,9.3,24.6,17.5,70.7,100.0,29.1,50.1,4.1,17.2,-188.1,36.2,1.1,-98.4,6.3,1.0,28.99,28.99,1.0,0.0,0.0,0.0,0.0,0.0,0,30.547,0.0,0.0,0.0,0.0,0.0
180,100.0,83.0,22.7,87.5,72.9,100.0,47.9,60.5,200.6,36.9,31.6,87.8,1.0,38.7,145.1,1.0,9.83,9.83,1.0,0.0,0.0,0.0,0.0,0.0,0,11.145,0.0,0.0,0.0,0.0,0.0
181,100.0,56.1,67.2,64.1,82.6,100.0,32.8,11.9,209.6,35.7,-36.3,95.0,1.0,-131.9,-41.9,1.0,100.0,100.0,1.0,0.0,0.0,0.0,0.0,0.0,0,0.0,0.0,0.0,0.0,0.0,0.0
182,100.0,4.8,83.9,65.9,3.4,100.0,84.3,28.8,179.1,74.9,35.2,-30.0,1.0,24.6,121.8,1.0,80.0,100.0,0.8,0.0,0.0,0.0,0.0,2.869,0,0.0,0.0,0.0,0.0,0.0,0.0
183,100.0,86.3,81.5,58.1,86.6,100.0,14.0,-1.1,35.6,15.4,16.3,84.6,1.0,34.3,-127.4,1.0,98.804763,100.0,0.988048,0.0,0.0,0.0,0.0,0.0,0.004,0.0,0.0,0.0,0.0,0.0,0.0
184,100.0,42.5,11.0,2.9,78.3,100.0,8.5,-71.7,141.8,78.0,28.8,-52.2,1.0,-131.5,27.4,1.0,97.523974,100.0,0.97524,0.0,0.0,0.0,0.0,0.0,0.005,0.0,0.0,0.0,0.0,0.0,0.0
185,100.0,69.3,55.7,80.3,22.7,100.0,48.8,42.8,343.8,41.6,-190.1,-3.9,1.1,-120.9,-108.4,1.0,80.0,100.0,0.8,0.0,0.0,0.0,0.0,6.443,0,0.0,0.0,0.0,0.0,0.0,0.0
186,100.0,4.0,0.9,23.6,35.0,100.0,51.3,69.1,166.6,41.8,69.3,-207.7,1.0,-121.3,-56.9,1.0,72.9,72.9,1.0,0.0,0.0,0.0,0.0,0.0,0,3.356,0.0,0.0,0.0,0.0,0.0
187,100.0,95.8,12.4,52.8,96.3,100.0,39.9,77.5,162.3,63.6,28.0,163.6,1.0,24.5,168.7,1.0,100.0,100.0,1.0,0.0,0.0,0.0,0.0,0.0,0,0.0,0.0,0.0,0.0,0.0,0.0
188,100.0,97.4,69.4,24.4,67.7,100.0,78.6,0.4,206.1,19.3,-161.8,84.4,1.0,-38.8,-84.5,1.0,25.264,31.58,0.8,0.0,0.0,0.0,0.0,10.057,0,10.057,0.0,0.0,0.0,0.0,0.0
189,100.0,46.1,28.0,9.0,67.5,100.0,99.4,80.0,204.1,95.9,-109.7,94.9,1.0,210.8,-9.3,1.0,99.59026,100.0,0.995903,0.0,0.0,0.0,0.0,0.0,0.002,0.0,0.0,0.0,0.0,0.0,0.0
190,100.0,7.4,55.3,58.7,6.5,100.0,84.8,-30.9,349.1,92.5,-35.3,91.5,1.0,-43.8,-9.4,1.1,100.0,100.0,1.0,0.0,0.0,0.0,0.0,0.0,0,0.0,0.0,0.0,0.0,0.0,0.0
191,100.0,38.9,17.9,30.8,26.1,100.0,2.8,54.2,291.8,83.8,-121.5,-25.9,1.0,28.9,-53.8,1.0,70.0,100.0,0.7,0.0,0.0,0.0,4.35,0.0,0,0.0,0.0,0.0,0.0,0.0,0.0
192,100.0,26.1,48.3,73.2,99.7,100.0,27.7,61.5,305.6,52.5,-143.5,-91.6,1.0,-11.3,95.1,1.0,80.0,100.0,0.8,0.0,0.0,0.0,0.0,2.605,0,0.0,0.0,0.0,0.0,0.0,0.0
193,100.0,9.9,40.1,73.7,2.4,100.0,50.3,-59.8,337.5,92.0,-265.5,19.6,1.0,37.9,-128.3,1.0,69.218395,100.0,0.692184,0.0,0.0,0.0,2.36,0.0,0.005,0.0,0.0,0.0,0.0,0.0,0.0
194,100.0,70.0,76.6,43.7,61.5,100.0,24.6,-83.4,182.8,79.0,69.4,-186.7,1.0,-21.6,-87.9,1.0,100.0,100.0,1.0,0.0,0.0,0.0,0.0,0.0,0,0.0,0.0,0.0,0.0,0.0,0.0
